Sample Name,Asymptote,R-squared,Y range,Minutes_left_out,Status
BlaJ-0139_D0_saline_tech1,0.0001446864358508322,0.9997,1.664732e-04,1681.5833333333333,Good
BlaJ-0139_D0_saline_tech2,0.00014320644368958808,0.99969,1.271012e-04,306.96666666666664,Good
BlaJ-0139_D0_saline_tech3,0.00014626915364293093,0.99957,2.304119e-04,2198.0666666666666,Good
BlaJ-0140_D0_saline_tech1,0.0001451218958522779,0.99976,2.214333e-04,161.58333333333334,Good
BlaJ-0140_D0_saline_tech2,0.00014465368843130462,0.9997,1.851625e-04,1972.1166666666666,Good
BlaJ-0140_D0_saline_tech3,0.00014565350035575784,0.99962,2.221976e-04,2101.1833333333334,Good
BlaJ-0142_D0_treatment_tech1,0.00014317763481414448,0.99976,1.377835e-04,710.6333333333333,Good
BlaJ-0142_D0_treatment_tech2,0.00014333827979868006,0.99968,1.443108e-04,371.45,Good
BlaJ-0142_D0_treatment_tech3,0.00014383625263347287,0.99973,1.428006e-04,1907.5833333333333,Good
BlaJ-0145_D0_treatment_tech1,0.00014450101896991524,0.9996,1.610242e-04,2989.2166666666667,Good
BlaJ-0145_D0_treatment_tech2,0.00014143853537245673,0.99789,2.493800e-05,242.28333333333333,Good
BlaJ-0145_D0_treatment_tech3,0.00014045304170997447,0.98365,1.814600e-06,1438.4333333333334,Good
BlaJ-0161_D16_saline_tech1,0.0002835742877426747,0.99872,3.602870e-05,1843.0,Good
BlaJ-0161_D16_saline_tech2,0.0002885645111820987,0.9998,5.260280e-05,2440.3,Good
BlaJ-0161_D16_saline_tech3,0.00028741311937552014,0.99955,5.734200e-05,2311.1666666666665,Good
BlaJ-0162_D16_treatment_tech1,0.000288504903320119,0.98727,4.256010e-05,1746.15,Good
BlaJ-0162_D16_treatment_tech2,0.0002961750415135335,0.99702,8.093070e-05,3021.5,Good
BlaJ-0162_D16_treatment_tech3,0.0002858940677739176,0.99945,7.299340e-05,355.31666666666666,Good
BlaJ-0163_D16_treatment_tech1,0.00027118853188499477,0.99925,3.184090e-05,549.0666666666667,Good
BlaJ-0163_D16_treatment_tech2,0.00026973854210906743,0.9991,3.430740e-05,290.8333333333333,Good
BlaJ-0163_D16_treatment_tech3,0.00027292036711110037,0.99977,9.626710e-05,2553.35,Good
BlaJ-0164_D4_saline_tech1,0.0003029793666666667,0.0,3.293900e-06,532.9333333333333,Lower exponential conformity: Assymptote instead the average of last three measurements
BlaJ-0164_D4_saline_tech2,0.0002989392382720593,0.99968,1.217102e-04,1939.85,Good
BlaJ-0164_D4_saline_tech3,0.0003034903827802038,0.96197,9.203500e-06,274.7,Good
BlaJ-0165_D4_treatment_tech1,0.000310897496859298,0.99924,1.324672e-04,1600.8,Good
BlaJ-0165_D4_treatment_tech2,0.00030966602957673077,0.9999,2.629210e-05,662.2333333333333,Good
BlaJ-0165_D4_treatment_tech3,0.000310011844716711,0.97098,4.244780e-05,1406.05,Good
BlaJ-0166_D4_treatment_tech1,0.00027452470050744226,0.99964,1.092400e-04,2617.8333333333335,Good
BlaJ-0166_D4_treatment_tech2,0.0002774412356637273,0.97652,5.032800e-06,2569.4333333333334,Good
BlaJ-0166_D4_treatment_tech3,0.000278717003435353,0.9993,4.436590e-05,2779.3333333333335,Good
BlaJ-0167_D4_saline_tech1,0.00027143348282038796,0.99934,4.257390e-05,613.7,Good
BlaJ-0167_D4_saline_tech2,0.00027950324748039654,0.99962,2.281318e-04,1260.55,Good
BlaJ-0167_D4_saline_tech3,0.0002752295215159552,0.97847,8.901200e-06,3102.1666666666665,Good
BlaJ-0168_D32_saline_tech1,0.00031578912240448,0.99869,5.179210e-05,2020.45,Good
BlaJ-0168_D32_saline_tech2,0.0003206730065988574,0.99955,4.559820e-05,759.15,Good
BlaJ-0168_D32_saline_tech3,0.00031456987335786124,0.99788,3.624800e-05,2521.1,Good
BlaJ-0169_D32_saline_tech1,0.00031279543210219104,0.99017,2.119340e-05,48.416666666666664,Good
BlaJ-0169_D32_saline_tech2,0.00031690846495504655,0.99925,3.877490e-05,1276.6833333333334,Good
BlaJ-0169_D32_saline_tech3,0.0003162936363443999,0.97881,4.808910e-05,1826.8833333333334,Good
BlaJ-0170_D32_treatment_tech1,0.0003022398856599731,0.99429,4.967800e-06,436.1,Good
BlaJ-0170_D32_treatment_tech2,0.00030377056067706817,0.99866,4.350920e-05,1001.6166666666667,Good
BlaJ-0170_D32_treatment_tech3,0.0003032312125765339,0.99933,4.679770e-05,97.01666666666667,Good
BlaJ-0171_D32_saline_tech1,0.0003016757544451555,0.99989,1.981700e-05,1875.3166666666666,Good
BlaJ-0171_D32_saline_tech2,0.00029882669999999994,0.70194,1.349140e-05,2327.3,Lower exponential conformity: Assymptote instead the average of last three measurements
BlaJ-0171_D32_saline_tech3,0.0003019685,0.90474,2.935500e-06,840.0166666666667,Lower exponential conformity: Assymptote instead the average of last three measurements
BlaJ-0172_D32_treatment_tech1,0.000313189357239431,0.99591,6.343710e-05,2876.116666666667,Good
BlaJ-0172_D32_treatment_tech2,0.00031216790078886697,0.98951,1.749780e-05,2230.35,Good
BlaJ-0172_D32_treatment_tech3,0.0003115458622453397,0.98743,3.439790e-05,2585.5833333333335,Good
BlaJ-0173_D16_saline_tech1,0.0002805695382998391,0.99655,1.379584e-04,2117.25,Good
BlaJ-0173_D16_saline_tech2,0.0002828893013664895,0.99923,4.435890e-05,1212.0333333333333,Good
BlaJ-0173_D16_saline_tech3,0.0002804024152750542,0.9996,6.520300e-05,694.5,Good
BlaJ-0174_D16_treatment_tech1,0.0003105136067847843,0.99924,1.383680e-05,3037.633333333333,Good
BlaJ-0174_D16_treatment_tech2,0.0003051002742701646,0.99937,2.698220e-05,2795.4666666666667,Good
BlaJ-0174_D16_treatment_tech3,0.0003072358666666667,0.0,9.330900e-06,2892.25,Lower exponential conformity: Assymptote instead the average of last three measurements
BlaJ-0175_D8_treatment_tech1,0.0003043663,0.87515,4.189600e-06,2973.0833333333335,Lower exponential conformity: Assymptote instead the average of last three measurements
BlaJ-0175_D8_treatment_tech2,0.00030609253333333333,0.88095,1.360580e-05,953.1,Lower exponential conformity: Assymptote instead the average of last three measurements
BlaJ-0175_D8_treatment_tech3,0.0003071191676359873,0.99897,1.113110e-05,419.96666666666664,Good
BlaJ-0176_D2_saline_tech1,0.00034454213333333334,0.9454,1.647790e-05,2295.0333333333333,Lower exponential conformity: Assymptote instead the average of last three measurements
BlaJ-0176_D2_saline_tech2,0.00034154079424837544,0.98774,1.245300e-05,2359.55,Good
BlaJ-0176_D2_saline_tech3,0.00034537746717155064,0.99434,3.474330e-05,1649.1833333333334,Good
BlaJ-0177_D2_treatment_tech1,0.00023011676185375924,0.99956,5.794160e-05,468.3666666666667,Good
BlaJ-0177_D2_treatment_tech2,0.00023155536093256017,0.99925,5.868720e-05,1503.8833333333334,Good
BlaJ-0177_D2_treatment_tech3,0.00022886815402807582,0.96906,1.613430e-05,2730.85,Good
BlaJ-0178_D2_treatment_tech1,0.0002951563333333333,0.59911,7.965700e-06,1762.3,Lower exponential conformity: Assymptote instead the average of last three measurements
BlaJ-0178_D2_treatment_tech2,0.00029398903333333336,0.9393,5.401000e-07,1778.4166666666667,Lower exponential conformity: Assymptote instead the average of last three measurements
BlaJ-0178_D2_treatment_tech3,0.00028254092012010344,0.9994,1.430236e-04,920.8333333333334,Good
BlaJ-0179_D2_saline_tech1,0.00028469350000000004,0.0,4.164400e-06,2843.866666666667,Lower exponential conformity: Assymptote instead the average of last three measurements
BlaJ-0179_D2_saline_tech2,0.0002833921597790444,0.99938,1.430130e-04,1454.5666666666666,Good
BlaJ-0179_D2_saline_tech3,0.000285095971292737,0.99907,8.927140e-05,3086.0333333333333,Good
BlaJ-0180_D8_treatment_tech1,0.0002795264596512883,0.99963,7.138550e-05,500.65,Good
BlaJ-0180_D8_treatment_tech2,0.00028326065539924195,0.99969,5.905630e-05,1050.1,Good
BlaJ-0180_D8_treatment_tech3,0.0002658671744026134,0.99936,6.364020e-05,2407.9333333333334,Good
BlaJ-0181_D8_saline_tech1,0.0003143427526397018,0.9881,3.089320e-05,1309.0833333333333,Good
BlaJ-0181_D8_saline_tech2,0.0003115576639858991,0.99464,4.597160e-05,1633.0666666666666,Good
BlaJ-0181_D8_saline_tech3,0.00028595023773089306,0.99458,1.584280e-05,1891.45,Good
BlaJ-0182_D8_saline_tech1,0.0003054779333333333,0.06141,5.561600e-06,2908.366666666667,Lower exponential conformity: Assymptote instead the average of last three measurements
BlaJ-0182_D8_saline_tech2,0.00030300157808519214,0.99969,1.602112e-04,1988.1666666666667,Good
BlaJ-0182_D8_saline_tech3,0.00030101885299776146,0.99498,2.232480e-05,516.7666666666667,Good
BlaJ-0183_D32_treatment_tech1,0.0002864035245776044,0.99857,1.438030e-04,323.1,Good
BlaJ-0183_D32_treatment_tech2,0.00028600885730821745,0.99974,1.443197e-04,387.5833333333333,Good
BlaJ-0183_D32_treatment_tech3,0.00029287064943063403,0.9841,9.997700e-06,936.9666666666667,Good
Curve_1_std_1,0.00014706894212751043,0.9997,3.579404e-04,3198.95,Good
Curve_1_std_1,0.0001439243865829503,0.9999,1.813980e-04,1357.6,Good
Curve_1_std_2,0.00016505228449956272,0.99975,1.192342e-04,3166.7,Good
Curve_1_std_2,0.00016714749322247965,0.99963,1.739324e-04,1130.95,Good
Curve_1_std_3,0.0001780050401640704,0.9999,3.502500e-05,1923.7166666666667,Good
Curve_1_std_3,0.0001805665352518088,0.99979,1.728520e-04,3279.5666666666666,Good
Curve_1_std_4,0.00021586981010420978,0.99965,9.451950e-05,678.3666666666667,Good
Curve_1_std_4,0.0002161429437319062,0.99945,9.522490e-05,3053.766666666667,Good
Curve_1_std_5,0.00028863046587175774,0.9996,4.954500e-05,2827.733333333333,Good
Curve_1_std_5,0.0002875855339117594,0.99783,1.442800e-05,452.23333333333335,Good
Curve_1_std_6,0.00035922217370848745,0.99927,1.811149e-04,3295.7,Good
Curve_1_std_6,0.0003625836285276386,0.99714,4.718690e-05,2036.5833333333333,Good
Curve_1_std_7,0.0005031776263110432,0.99958,2.334911e-04,565.2,Good
Curve_1_std_7,0.000504073290720915,0.99915,1.789069e-04,2940.7,Good
Curve_2_std_1,0.00014433885081488855,0.99955,2.184067e-04,3134.4333333333334,Good
Curve_2_std_1,0.00014037872793185252,0.99182,2.210200e-06,904.7,Good
Curve_2_std_2,0.0001670925631637041,0.99984,2.043782e-04,226.16666666666666,Good
Curve_2_std_2,0.0001664552570029398,0.99965,1.457505e-04,2601.7,Good
Curve_2_std_3,0.0001782192,0.12817,1.145700e-06,3247.3,Lower exponential conformity: Assymptote instead the average of last three measurements
Curve_2_std_3,0.00017843575324721323,0.99993,3.454090e-05,1697.7166666666667,Good
Curve_2_std_4,0.00021240322089590718,0.98937,1.969900e-06,2.0166666666666666,Good
Curve_2_std_4,0.000216819159425661,0.99972,1.256301e-04,2375.6833333333334,Good
Curve_2_std_5,0.00028623006716427425,0.9923,1.760380e-05,1017.75,Good
Curve_2_std_5,0.0002828924504093979,0.99959,1.418513e-04,3150.5666666666666,Good
Curve_2_std_6,0.0003571628119748286,0.99196,1.794233e-04,3263.4333333333334,Good
Curve_2_std_6,0.0003604968126202962,0.99565,2.366360e-05,1810.7333333333333,Good
Curve_2_std_7,0.0005049316916977253,0.99924,1.661409e-04,1244.4166666666667,Good
Curve_2_std_7,0.0005009849028655348,0.99952,3.384279e-04,3182.8166666666666,Good
Curve_3_std_1,0.0001407509163881546,0.99531,4.031500e-06,3215.0666666666666,Good
Curve_3_std_1,0.00014248295593588366,0.99941,1.433780e-04,1470.7,Good
Curve_3_std_2,0.00016756870774707424,0.99958,1.898168e-04,2262.633333333333,Good
Curve_3_std_2,0.00016885688703133515,0.99979,3.327521e-04,3327.9666666666667,Good
Curve_3_std_3,0.00018099326863293733,0.99975,1.702829e-04,1584.6666666666667,Good
Curve_3_std_3,0.00017753556956003934,0.98513,3.687440e-05,3231.2,Good
Curve_3_std_4,0.00021387767113397246,0.99985,7.259840e-05,339.21666666666664,Good
Curve_3_std_4,0.0002140550755815277,0.99969,7.685360e-05,2714.7166666666667,Good
Curve_3_std_5,0.00028077470354182497,0.99487,2.244970e-05,113.15,Good
Curve_3_std_5,0.0002783835672111003,0.99973,1.367561e-04,2488.8333333333335,Good
Curve_3_std_6,0.00036169883572796836,0.99947,8.725200e-06,791.4166666666666,Good
Curve_3_std_6,0.0003594873870082548,0.99402,8.468330e-05,3118.3,Good
Curve_3_std_7,0.0005035636768497371,0.99439,1.912918e-04,2149.65,Good
Curve_3_std_7,0.0005024021907234229,0.99778,1.420259e-04,3311.8333333333335,Good
YF_2/3_D0_E3-1_tech1,0.00014048197864171863,0.99506,2.406200e-06,2682.4166666666665,Good
YF_2/3_D0_E3-1_tech2,0.00014466259880137954,0.99965,2.078851e-04,2666.2833333333333,Good
YF_2/3_D0_E3-1_tech3,0.00014073696976759707,0.99959,7.144450e-05,16.133333333333333,Good
YF_2/3_D0_E4-1_tech1,0.0001441108665730441,0.99959,1.687678e-04,1422.2,Good
YF_2/3_D0_E4-1_tech2,0.00014045772075020453,0.98971,3.416700e-06,177.68333333333334,Good
YF_2/3_D0_E4-1_tech3,0.00014134085700996478,0.99913,2.486250e-05,1147.1,Good
YF_2/3_D16_E3-1_tech1,0.0003397074647478624,0.99964,1.977204e-04,1373.7333333333333,Good
YF_2/3_D16_E3-1_tech2,0.0003346308440854458,0.99801,1.934280e-04,646.1,Good
YF_2/3_D16_E3-1_tech3,0.0003344481974561023,0.99058,2.115620e-05,1325.2166666666667,Good
YF_2/3_D16_E4-1_tech1,0.0003339229344406232,0.99971,1.926571e-04,726.7833333333333,Good
YF_2/3_D16_E4-1_tech2,0.00033875386958130487,0.99883,2.207920e-05,2068.9333333333334,Good
YF_2/3_D16_E4-1_tech3,0.0003272433550345758,0.99963,1.620943e-04,2278.8,Good
YF_2/3_D1_E3-1_tech1,0.0002941029265505243,0.99853,3.802920e-05,872.2833333333333,Good
YF_2/3_D1_E3-1_tech2,0.0002886825391050104,0.99818,1.491626e-04,1486.85,Good
YF_2/3_D1_E3-1_tech3,0.0003017371600406361,0.99967,2.063676e-04,2956.85,Good
YF_2/3_D1_E4-1_tech1,0.00029766883333333334,0.0,7.906900e-06,969.2333333333333,Lower exponential conformity: Assymptote instead the average of last three measurements
YF_2/3_D1_E4-1_tech2,0.0002993460501160859,0.99597,6.998700e-06,823.8833333333333,Good
YF_2/3_D1_E4-1_tech3,0.00029566508549044287,0.99953,1.515784e-04,2214.2,Good
YF_2/3_D2_E3-1_tech1,0.0003133658579006243,0.99959,1.735159e-04,1163.3,Good
YF_2/3_D2_E3-1_tech2,0.0003162598510171431,0.97932,4.233720e-05,2633.983333333333,Good
YF_2/3_D2_E3-1_tech3,0.00031784430533216663,0.99868,3.136560e-05,403.73333333333335,Good
YF_2/3_D2_E4-1_tech1,0.0003105308610973833,0.99943,1.705215e-04,258.43333333333334,Good
YF_2/3_D2_E4-1_tech2,0.00031394331103211446,0.99959,4.389060e-05,597.4833333333333,Good
YF_2/3_D2_E4-1_tech3,0.00030997197010437967,0.99846,3.343760e-05,1665.35,Good
YF_2/3_D32_E3-1_tech1,0.00033050843486155164,0.99888,1.802750e-05,64.56666666666666,Good
YF_2/3_D32_E3-1_tech2,0.0003260124074992082,0.99964,1.849757e-04,1195.8166666666666,Good
YF_2/3_D32_E3-1_tech3,0.00032824309999999996,0.47733,1.080810e-05,1341.3666666666666,Lower exponential conformity: Assymptote instead the average of last three measurements
YF_2/3_D32_E4-1_tech1,0.0003354025899303625,0.99932,5.541640e-05,129.28333333333333,Good
YF_2/3_D32_E4-1_tech2,0.00033826532608684045,0.97117,3.288700e-05,2811.6,Good
YF_2/3_D32_E4-1_tech3,0.0003313124866275536,0.99974,1.923194e-04,32.266666666666666,Good
YF_2/3_D4_E3-1_tech1,0.0003217203840368783,0.99973,3.817160e-05,1859.15,Good
YF_2/3_D4_E3-1_tech2,0.0003227106892655512,0.99988,1.785469e-04,2165.7833333333333,Good
YF_2/3_D4_E3-1_tech3,0.0003225305407246315,0.99927,3.412470e-05,2763.1666666666665,Good
YF_2/3_D4_E4-1_tech1,0.0003401512342389361,0.9996,5.797080e-05,1228.1833333333334,Good
YF_2/3_D4_E4-1_tech2,0.00033684712726135687,0.99972,1.593514e-04,1713.85,Good
YF_2/3_D4_E4-1_tech3,0.000340750653398055,0.99707,5.594920e-05,1033.9,Good
YF_2/3_D8_E3-1_tech1,0.0003411355334972928,0.99708,7.611310e-05,2424.0666666666666,Good
YF_2/3_D8_E3-1_tech2,0.00033696132574468577,0.99729,4.347010e-05,1794.55,Good
YF_2/3_D8_E3-1_tech3,0.00033987492999876847,0.98718,9.280700e-06,1114.7166666666667,Good
YF_2/3_D8_E4-1_tech1,0.0003471445557652283,0.99817,4.974130e-05,985.3666666666667,Good
YF_2/3_D8_E4-1_tech2,0.00034959044280740375,0.99971,1.884100e-05,80.83333333333333,Good
YF_2/3_D8_E4-1_tech3,0.00034481494889627713,0.99805,2.831510e-05,1292.8333333333333,Good
YM_2/3_D0_E3-1_tech1,0.00014344092872067723,0.99955,1.285546e-04,629.85,Good
YM_2/3_D0_E3-1_tech2,0.0001446232002214599,0.99945,2.082274e-04,2472.6,Good
YM_2/3_D0_E3-1_tech3,0.00014309023209384226,0.99973,1.726426e-04,1179.55,Good
YM_2/3_D0_E4-1_tech1,0.00014394154714900194,0.99939,1.503149e-04,888.5333333333333,Good
YM_2/3_D0_E4-1_tech2,0.00013945500275380917,0.9819,1.182600e-06,1536.1666666666667,Good
YM_2/3_D0_E4-1_tech3,0.00014226337189072975,0.9995,8.995200e-05,1520.0166666666667,Good
YM_2/3_D16_E3-1_tech1,0.00034943276792347177,0.97828,3.383380e-05,2650.1666666666665,Good
YM_2/3_D16_E3-1_tech2,0.00035245052038895234,0.98809,5.460130e-05,2343.4333333333334,Good
YM_2/3_D16_E3-1_tech3,0.00035823755800106714,0.99976,1.469190e-04,581.3333333333334,Good
YM_2/3_D16_E4-1_tech1,0.0003717540484209401,0.99967,1.574149e-04,3069.9,Good
YM_2/3_D16_E4-1_tech2,0.0003663811539999701,0.99929,3.147330e-05,743.0166666666667,Good
YM_2/3_D16_E4-1_tech3,0.0003667296699252918,0.99959,6.322190e-05,2004.3166666666666,Good
YM_2/3_D1_E3-1_tech1,0.0002895217104681668,0.99966,1.498062e-04,2698.5666666666666,Good
YM_2/3_D1_E3-1_tech2,0.0002932060071635035,0.9995,6.906760e-05,807.65,Good
YM_2/3_D1_E3-1_tech3,0.0002884715273512781,0.99986,5.875450e-05,2747.0,Good
YM_2/3_D1_E4-1_tech1,0.0003171607442212495,0.99885,4.649250e-05,2052.7166666666667,Good
YM_2/3_D1_E4-1_tech2,0.0003124175882510585,0.9998,4.255560e-05,1082.3666666666666,Good
YM_2/3_D1_E4-1_tech3,0.0003118412076915716,0.99656,3.053550e-05,2133.4,Good
YM_2/3_D2_E3-1_tech1,0.0003285193893198304,0.99946,2.894360e-05,1955.9833333333333,Good
YM_2/3_D2_E3-1_tech2,0.00032164994449231397,0.99927,1.832675e-04,1552.3166666666666,Good
YM_2/3_D2_E3-1_tech3,0.0003264003666666666,0.9027,2.259850e-05,2924.5666666666666,Lower exponential conformity: Assymptote instead the average of last three measurements
YM_2/3_D2_E4-1_tech1,0.0003284377556674856,0.99955,1.128292e-04,2391.8166666666666,Good
YM_2/3_D2_E4-1_tech2,0.00033194538690089955,0.99596,3.041700e-05,856.15,Good
YM_2/3_D2_E4-1_tech3,0.0003299977516796845,0.99733,8.002500e-06,1730.0333333333333,Good
YM_2/3_D32_E3-1_tech1,0.00036951656063560935,0.99935,5.601540e-05,2537.233333333333,Good
YM_2/3_D32_E3-1_tech2,0.0003655256849566117,0.98626,2.746740e-05,2085.0666666666666,Good
YM_2/3_D32_E3-1_tech3,0.0003653501323464667,0.99715,3.003980e-05,145.48333333333332,Good
YM_2/3_D32_E4-1_tech1,0.00037008643230306655,0.99978,4.994970e-05,775.2833333333333,Good
YM_2/3_D32_E4-1_tech2,0.00037218586020670743,0.99797,8.986620e-05,2860.016666666667,Good
YM_2/3_D32_E4-1_tech3,0.00037559772706532605,0.99932,5.284330e-05,2181.9333333333334,Good
YM_2/3_D4_E3-1_tech1,0.0003501585800749452,0.98786,6.260950e-05,2456.45,Good
YM_2/3_D4_E3-1_tech2,0.0003489522627328272,0.99321,3.754720e-05,1098.5833333333333,Good
YM_2/3_D4_E3-1_tech3,0.0003474495,0.63839,7.625100e-06,1389.9166666666667,Lower exponential conformity: Assymptote instead the average of last three measurements
YM_2/3_D4_E4-1_tech1,0.0003501018903172366,0.97421,2.723990e-05,1568.4666666666667,Good
YM_2/3_D4_E4-1_tech2,0.00034985307538171255,0.99768,7.108450e-05,2504.9666666666667,Good
YM_2/3_D4_E4-1_tech3,0.0003499485781106372,0.99956,1.208234e-04,484.5,Good
YM_2/3_D8_E3-1_tech1,0.00037382042532888314,0.99945,2.315307e-04,3005.35,Good
YM_2/3_D8_E3-1_tech2,0.0003706979945353284,0.96736,4.811300e-06,210.01666666666668,Good
YM_2/3_D8_E3-1_tech3,0.00036500066537639887,0.99968,2.254344e-04,193.9,Good
YM_2/3_D8_E4-1_tech1,0.0003544133924704453,0.98258,4.409590e-05,2246.483333333333,Good
YM_2/3_D8_E4-1_tech2,0.0003555059650541968,0.97895,4.309350e-05,1616.9333333333334,Good
YM_2/3_D8_E4-1_tech3,0.0003545636795973817,0.99976,7.207160e-05,1066.25,Good
